{"label_prob": {"1": 0.7960526315789473, "0": 0.20394736842105263}, "mv_per_label_per_feature": {"1": {"10": {"variance": 0.03196502971108533, "mean": 0.03305785123966942}, "1": {"variance": 0.0028951395301212816, "mean": 0.014474039504132227}, "3": {"variance": 0.11086912288006107, "mean": 0.5850583975523207}, "2": {"variance": 0.07581449354552289, "mean": 0.08264462809917356}, "5": {"variance": 0.2184277030257496, "mean": 0.6776859504132231}, "4": {"variance": 0.06884775630079909, "mean": 0.0743801652892562}, "7": {"variance": 0.010209105355159384, "mean": 0.05894847620176839}, "6": {"variance": 0.03196502971108534, "mean": 0.03305785123966942}, "9": {"variance": 0.08264462809917349, "mean": 0.09090909090909091}, "8": {"variance": 0.03271462661836366, "mean": 0.051765705636607845}}, "0": {"10": {"variance": 0.06035379812695106, "mean": 0.06451612903225806}, "1": {"variance": 0.004750901120060348, "mean": 0.09007606451612898}, "3": {"variance": 0.013898523914132668, "mean": 0.9525089605734768}, "2": {"variance": 0.08740894901144643, "mean": 0.0967741935483871}, "5": {"variance": 0.0, "mean": 1.0}, "4": {"variance": 0.031217481789802336, "mean": 0.03225806451612903}, "7": {"variance": 0.0159213569522492, "mean": 0.1567604028150135}, "6": {"variance": 0.23725286160249753, "mean": 0.6129032258064516}, "9": {"variance": 0.17481789802289288, "mean": 0.22580645161290322}, "8": {"variance": 0.0017700312174817898, "mean": 0.06096774193548389}}}}